{"get":"teams","parameters":{"league":"129","season":"2021"},"errors":[],"results":35,"paging":{"current":1,"total":1},"response":[{"team":{"id":440,"name":"Belgrano Cordoba","code":"BEL","country":"Argentina","founded":1905,"national":false,"logo":"https:\/\/media.api-sports.io\/football\/teams\/440.png"},"venue":{"id":45,"name":"Estadio Julio C\u00e9sar Villagra","address":"Calle Dr. Arturo Orgaz 510 y La Rioja, Barrio Alberdi","city":"Ciudad de C\u00f3rdoba, Provincia de C\u00f3rdoba","capacity":28000,"surface":"grass","image":"https:\/\/media.api-sports.io\/football\/venues\/45.png"}},{"team":{"id":447,"name":"Chacarita Juniors","code":"CHA","country":"Argentina","founded":1906,"national":false,"logo":"https:\/\/media.api-sports.io\/football\/teams\/447.png"},"venue":{"id":54,"name":"Estadio de Chacarita Juniors","address":"Calle Gutierrez 351, Villa Maip\u00fa","city":"General San Mart\u00edn, Provincia de Buenos Aires","capacity":24300,"surface":"grass","image":"https:\/\/media.api-sports.io\/football\/venues\/54.png"}},{"team":{"id":452,"name":"Tigre","code":"TIG","country":"Argentina","founded":1902,"national":false,"logo":"https:\/\/media.api-sports.io\/football\/teams\/452.png"},"venue":{"id":112,"name":"Estadio Jos\u00e9 Dellagiovanna","address":"Avenida Presidente Per\u00f3n 2650 esq. Guido Spano 1053, Victoria","city":"San Fernando, Provincia de Buenos Aires","capacity":26282,"surface":"grass","image":"https:\/\/media.api-sports.io\/football\/venues\/112.png"}},{"team":{"id":454,"name":"Temperley","code":"TEM","country":"Argentina","founded":1912,"national":false,"logo":"https:\/\/media.api-sports.io\/football\/teams\/454.png"},"venue":{"id":111,"name":"Estadio Alfredo Mart\u00edn Beranger","address":"Avenida 9 de Julio 360 (entre Coronel Dorrego y Coronel Brandsen)","city":"Temperley, Provincia de Buenos Aires","capacity":19500,"surface":"grass","image":"https:\/\/media.api-sports.io\/football\/venues\/111.png"}},{"team":{"id":461,"name":"San Martin S.J.","code":"MAR","country":"Argentina","founded":1907,"national":false,"logo":"https:\/\/media.api-sports.io\/football\/teams\/461.png"},"venue":{"id":104,"name":"Estadio Ingeniero Hilario S\u00e1nchez","address":"Calle Mendoza 1164 Norte","city":"San Juan, Provincia de San Juan","capacity":19000,"surface":"grass","image":"https:\/\/media.api-sports.io\/football\/venues\/104.png"}},{"team":{"id":462,"name":"Agropecuario","code":null,"country":"Argentina","founded":null,"national":false,"logo":"https:\/\/media.api-sports.io\/football\/teams\/462.png"},"venue":{"id":1770,"name":"Estadio Ofelia Rosenzuaig","address":"Calle Carlos Arroyo","city":"Carlos Casares, Provincia de Buenos Aires","capacity":5000,"surface":"grass","image":"https:\/\/media.api-sports.io\/football\/venues\/1770.png"}},{"team":{"id":464,"name":"All Boys","code":"BOY","country":"Argentina","founded":1913,"national":false,"logo":"https:\/\/media.api-sports.io\/football\/teams\/464.png"},"venue":{"id":34,"name":"Estadio Islas Malvinas","address":"Avenida \u00c1lvarez Jonte 4190 y Chivilcoy, Floresta","city":"Capital Federal, Ciudad de Buenos Aires","capacity":16500,"surface":"grass","image":"https:\/\/media.api-sports.io\/football\/venues\/34.png"}},{"team":{"id":465,"name":"Atletico DE Rafaela","code":"RAF","country":"Argentina","founded":1907,"national":false,"logo":"https:\/\/media.api-sports.io\/football\/teams\/465.png"},"venue":{"id":41,"name":"Estadio Nuevo Monumental","address":"Calle Urquiza y Primera Junta, Barrio Alberdi","city":"Rafaela, Provincia de Santa Fe","capacity":16000,"surface":"grass","image":"https:\/\/media.api-sports.io\/football\/venues\/41.png"}},{"team":{"id":466,"name":"Atletico Mitre","code":null,"country":"Argentina","founded":1907,"national":false,"logo":"https:\/\/media.api-sports.io\/football\/teams\/466.png"},"venue":{"id":1735,"name":"Estadio Aurinegro","address":"Avenida Roca Sur y Calle Tres de Febrero","city":"Santiago del Estero, Prov. de Santiago del Estero","capacity":10500,"surface":"grass","image":"https:\/\/media.api-sports.io\/football\/venues\/1735.png"}},{"team":{"id":468,"name":"Brown DE Adrogue","code":"BRO","country":"Argentina","founded":1945,"national":false,"logo":"https:\/\/media.api-sports.io\/football\/teams\/468.png"},"venue":{"id":48,"name":"Estadio Lorenzo Arandilla","address":"Avenida Bertolom\u00e9 Cerretti 806 y Presidente Arturo Illia, Adrogu\u00e9","city":"Almirante Brown, Provincia de Buenos Aires","capacity":6000,"surface":"grass","image":"https:\/\/media.api-sports.io\/football\/venues\/48.png"}},{"team":{"id":469,"name":"Deportivo Moron","code":"DEP","country":"Argentina","founded":1947,"national":false,"logo":"https:\/\/media.api-sports.io\/football\/teams\/469.png"},"venue":{"id":65,"name":"Estadio Nuevo Francisco Urbano","address":"Avenida Hip\u00f3lito Yrigoyen 1600","city":"Mor\u00f3n, Provincia de Buenos Aires","capacity":32000,"surface":"grass","image":"https:\/\/media.api-sports.io\/football\/venues\/65.png"}},{"team":{"id":470,"name":"Ferro Carril Oeste","code":"FER","country":"Argentina","founded":1904,"national":false,"logo":"https:\/\/media.api-sports.io\/football\/teams\/470.png"},"venue":{"id":73,"name":"Estadio Arquitecto Ricardo Etcheverry","address":"Avenida Avellaneda 1240, Caballito","city":"Capital Federal, Ciudad de Buenos Aires","capacity":24442,"surface":"grass","image":"https:\/\/media.api-sports.io\/football\/venues\/73.png"}},{"team":{"id":472,"name":"Guillermo Brown","code":"GUI","country":"Argentina","founded":1945,"national":false,"logo":"https:\/\/media.api-sports.io\/football\/teams\/472.png"},"venue":{"id":49,"name":"Estadio Ra\u00fal Conti","address":"Calle Reconquista y Mariano Moreno","city":"Puerto Madryn, Provincia de Chubut","capacity":8500,"surface":"grass","image":"https:\/\/media.api-sports.io\/football\/venues\/49.png"}},{"team":{"id":473,"name":"Independ. Rivadavia","code":"RIV","country":"Argentina","founded":1913,"national":false,"logo":"https:\/\/media.api-sports.io\/football\/teams\/473.png"},"venue":{"id":83,"name":"Estadio Juan Bautista Gargantini","address":"Avenida Boulogne Sur Mer 788, San Mart\u00edn","city":"Mendoza, Provincia de Mendoza","capacity":16000,"surface":"grass","image":"https:\/\/media.api-sports.io\/football\/venues\/83.png"}},{"team":{"id":475,"name":"Santamarina","code":"SAN","country":"Argentina","founded":1913,"national":false,"logo":"https:\/\/media.api-sports.io\/football\/teams\/475.png"},"venue":{"id":106,"name":"Estadio Municipal General San Mart\u00edn de Tandil","address":"Avenida Rivadavia 350 (Godoy Cruz y Pueyrred\u00f3n)","city":"Tandil, Provincia de Buenos Aires","capacity":8762,"surface":"grass","image":"https:\/\/media.api-sports.io\/football\/venues\/106.png"}},{"team":{"id":476,"name":"Deportivo Riestra","code":"RIE","country":"Argentina","founded":1931,"national":false,"logo":"https:\/\/media.api-sports.io\/football\/teams\/476.png"},"venue":{"id":66,"name":"Estadio Guillermo Laza","address":"Avenida Varela y Ana Mar\u00eda Janer 2651, Flores","city":"Capital Federal, Ciudad de Buenos Aires","capacity":3000,"surface":"grass","image":"https:\/\/media.api-sports.io\/football\/venues\/66.png"}},{"team":{"id":478,"name":"Instituto Cordoba","code":"INS","country":"Argentina","founded":1918,"national":false,"logo":"https:\/\/media.api-sports.io\/football\/teams\/478.png"},"venue":{"id":84,"name":"Estadio Juan Domingo Per\u00f3n","address":"Calle Jujuy 2602 y Lope de Vega, Alta C\u00f3rdoba","city":"Ciudad de C\u00f3rdoba, Provincia de C\u00f3rdoba","capacity":26535,"surface":"grass","image":"https:\/\/media.api-sports.io\/football\/venues\/84.png"}},{"team":{"id":479,"name":"Gimnasia Jujuy","code":"GIM","country":"Argentina","founded":1931,"national":false,"logo":"https:\/\/media.api-sports.io\/football\/teams\/479.png"},"venue":{"id":76,"name":"Estadio 23 de Agosto","address":"Avenida El \u00c9xodo y Santa Barbara","city":"San Salvador de Jujuy, Provincia de Jujuy","capacity":23200,"surface":"grass","image":"https:\/\/media.api-sports.io\/football\/venues\/76.png"}},{"team":{"id":480,"name":"Quilmes","code":"QUI","country":"Argentina","founded":1887,"national":false,"logo":"https:\/\/media.api-sports.io\/football\/teams\/480.png"},"venue":{"id":20215,"name":"Estadio Centenario Ciudad de Quilmes","address":"Avenida Vicente L\u00f3pez y Esqui\u00fa, Barrio Libertador General San Mart\u00edn","city":"Quilmes, Provincia de Buenos Aires","capacity":30200,"surface":"grass","image":"https:\/\/media.api-sports.io\/football\/venues\/20215.png"}},{"team":{"id":481,"name":"Villa Dalmine","code":"DAL","country":"Argentina","founded":1957,"national":false,"logo":"https:\/\/media.api-sports.io\/football\/teams\/481.png"},"venue":{"id":117,"name":"Estadio El Coliseo de Mitre y Puccini","address":"Avenida Bartolom\u00e9 Mitre 1751","city":"Campana, Provincia de Buenos Aires","capacity":11250,"surface":"grass","image":"https:\/\/media.api-sports.io\/football\/venues\/117.png"}},{"team":{"id":482,"name":"Almagro","code":"ALM","country":"Argentina","founded":1911,"national":false,"logo":"https:\/\/media.api-sports.io\/football\/teams\/482.png"},"venue":{"id":35,"name":"Estadio Tres de Febrero","address":"Avenida Marcelo Torcuato de Alvear 2223, Jos\u00e9 Ingenieros","city":"Tres de Febrero, Provincia de Buenos Aires","capacity":19000,"surface":"grass","image":"https:\/\/media.api-sports.io\/football\/venues\/35.png"}},{"team":{"id":484,"name":"Nueva Chicago","code":"NUE","country":"Argentina","founded":1911,"national":false,"logo":"https:\/\/media.api-sports.io\/football\/teams\/484.png"},"venue":{"id":94,"name":"Estadio Rep\u00fablica de Mataderos","address":"Avenida Justo Antonio Su\u00e1rez 6900 y Avenida Coronel C\u00e1rdenas, Mataderos","city":"Capital Federal, Ciudad de Buenos Aires","capacity":28500,"surface":"grass","image":"https:\/\/media.api-sports.io\/football\/venues\/94.png"}},{"team":{"id":485,"name":"San Martin Tucuman","code":"MAR","country":"Argentina","founded":1909,"national":false,"logo":"https:\/\/media.api-sports.io\/football\/teams\/485.png"},"venue":{"id":105,"name":"Estadio La Ciudadela","address":"Calle Beccer y Avenida Pellegrini","city":"San Miguel de Tucum\u00e1n, Provincia de Tucum\u00e1n","capacity":27000,"surface":"grass","image":"https:\/\/media.api-sports.io\/football\/venues\/105.png"}},{"team":{"id":1066,"name":"Gimnasia M.","code":null,"country":"Argentina","founded":1908,"national":false,"logo":"https:\/\/media.api-sports.io\/football\/teams\/1066.png"},"venue":{"id":78,"name":"Estadio V\u00edctor Antonio Legrotaglie","address":"Calle Lencinas, Parque General San Mart\u00edn","city":"Mendoza, Provincia de Mendoza","capacity":11500,"surface":"grass","image":"https:\/\/media.api-sports.io\/football\/venues\/78.png"}},{"team":{"id":1067,"name":"Defensores De Belgrano","code":"DEF","country":"Argentina","founded":1906,"national":false,"logo":"https:\/\/media.api-sports.io\/football\/teams\/1067.png"},"venue":{"id":60,"name":"Estadio Juan Pasquale","address":"Avenida Comodoro Mart\u00edn Rivadavia 1450 y Avenida del Libertador, Nu\u00f1ez","city":"Capital Federal, Ciudad de Buenos Aires","capacity":8300,"surface":"grass","image":"https:\/\/media.api-sports.io\/football\/venues\/60.png"}},{"team":{"id":1932,"name":"San Telmo","code":"TEL","country":"Argentina","founded":1904,"national":false,"logo":"https:\/\/media.api-sports.io\/football\/teams\/1932.png"},"venue":{"id":5957,"name":"Estadio Dr. Osvaldo Francisco Baletto","address":"Calle Virrey Vieytes y General Las Heras, Isla Maciel","city":"Avellaneda, Provincia de Buenos Aires","capacity":7500,"surface":"grass","image":"https:\/\/media.api-sports.io\/football\/venues\/5957.png"}},{"team":{"id":1936,"name":"CA Estudiantes","code":"EST","country":"Argentina","founded":1898,"national":false,"logo":"https:\/\/media.api-sports.io\/football\/teams\/1936.png"},"venue":{"id":71,"name":"Estadio Ciudad de Caseros","address":"Avenida General Justo Jos\u00e9 de Urquiza y Lisandro de la Torre","city":"Caseros, Provincia de Buenos Aires","capacity":16740,"surface":"grass","image":"https:\/\/media.api-sports.io\/football\/venues\/71.png"}},{"team":{"id":1948,"name":"Atlanta","code":"ATL","country":"Argentina","founded":1904,"national":false,"logo":"https:\/\/media.api-sports.io\/football\/teams\/1948.png"},"venue":{"id":39,"name":"Estadio Don Le\u00f3n Kolbovski","address":"Calle Humbolt 374, Villa Crespo","city":"Capital Federal, Ciudad de Buenos Aires","capacity":24500,"surface":"grass","image":"https:\/\/media.api-sports.io\/football\/venues\/39.png"}},{"team":{"id":1954,"name":"Deportivo Maipu","code":"DEP","country":"Argentina","founded":1927,"national":false,"logo":"https:\/\/media.api-sports.io\/football\/teams\/1954.png"},"venue":{"id":64,"name":"Estadio Omar Higinio Sperdutti","address":"Vergara e Infanteria de San Martin","city":"Maip\u00fa, Provincia de Mendoza","capacity":9000,"surface":"grass","image":"https:\/\/media.api-sports.io\/football\/venues\/64.png"}},{"team":{"id":1962,"name":"Alvarado","code":"ALV","country":"Argentina","founded":null,"national":false,"logo":"https:\/\/media.api-sports.io\/football\/teams\/1962.png"},"venue":{"id":33,"name":"Estadio Jos\u00e9 Mar\u00eda Minella","address":"Avenida de las Olimpiadas y Ort\u00edz de Z\u00e1rate","city":"Mar del Plata, Provincia de Buenos Aires","capacity":35354,"surface":"grass","image":"https:\/\/media.api-sports.io\/football\/venues\/33.png"}},{"team":{"id":1965,"name":"Tristan Suarez","code":"TRI","country":"Argentina","founded":1929,"national":false,"logo":"https:\/\/media.api-sports.io\/football\/teams\/1965.png"},"venue":{"id":113,"name":"Estadio 20 de Octubre","address":"Calle Mariano Moreno y Calle Antonio Fari\u00f1a, Trist\u00e1n Suar\u00e9z","city":"Ezeiza, Provincia de Buenos Aires","capacity":13500,"surface":"grass","image":"https:\/\/media.api-sports.io\/football\/venues\/113.png"}},{"team":{"id":2424,"name":"Estudiantes de Rio Cuarto","code":null,"country":"Argentina","founded":1912,"national":false,"logo":"https:\/\/media.api-sports.io\/football\/teams\/2424.png"},"venue":{"id":72,"name":"Estadio Ciudad de R\u00edo Cuarto","address":"Avenida Espa\u00f1a 251","city":"Ciudad de R\u00edo Cuarto, Provincia de C\u00f3rdoba","capacity":9000,"surface":"grass","image":"https:\/\/media.api-sports.io\/football\/venues\/72.png"}},{"team":{"id":2432,"name":"Barracas Central","code":"BAR","country":"Argentina","founded":1904,"national":false,"logo":"https:\/\/media.api-sports.io\/football\/teams\/2432.png"},"venue":{"id":44,"name":"Estadio Claudio Fabi\u00e1n Tapia","address":"Avenida Olavar\u00eda 3400 y Luna, Bairro Barracas","city":"Capital Federal, Ciudad de Buenos Aires","capacity":4400,"surface":"grass","image":"https:\/\/media.api-sports.io\/football\/venues\/44.png"}},{"team":{"id":3969,"name":"Club Atl\u00e9tico G\u00fcemes","code":null,"country":"Argentina","founded":null,"national":false,"logo":"https:\/\/media.api-sports.io\/football\/teams\/3969.png"},"venue":{"id":3024,"name":"Estadio Arturo Jiya Miranda","address":"Avenida Rivadavia","city":"Santiago del Estero, Prov. de Santiago del Estero","capacity":2000,"surface":"grass","image":"https:\/\/media.api-sports.io\/football\/venues\/3024.png"}},{"team":{"id":8375,"name":"Almirante Brown","code":"ALM","country":"Argentina","founded":1922,"national":false,"logo":"https:\/\/media.api-sports.io\/football\/teams\/8375.png"},"venue":{"id":5959,"name":"Estadio Fragata Presidente Sarmiento","address":"Calle Jos\u00e9 Ignacio Rucci y Calle Jos\u00e9 M\u00e1rmol, Isidro Casanova","city":"La Matanza, Provincia de Buenos Aires","capacity":19000,"surface":"grass","image":"https:\/\/media.api-sports.io\/football\/venues\/5959.png"}}]}